{
  "thresholds": {
    "current_pct": 15.0,
    "torque_pct": 15.0,
    "efficiency_abs": 0.05,
    "power_factor_abs": 0.05,
    "ratio_pct": 15.0
  },
  "results": [
    {
      "group_name": "W40_4P_380V_IE3",
      "motor_id": "WEG_W40_150kW_4P_380V_IE3",
      "predicted_current_a": 245.282811318479,
      "nominal_current_a": 270.0,
      "error_current_pct": 9.154514326489263,
      "pass_current": true,
      "predicted_torque_nm": 861.3925673121311,
      "nominal_torque_nm": 960.0,
      "error_torque_pct": 10.271607571653014,
      "pass_torque": true,
      "predicted_efficiency": 0.9527148702043204,
      "nominal_efficiency": 0.955,
      "error_efficiency_abs": 0.002285129795679519,
      "pass_efficiency": true,
      "predicted_power_factor": 0.8750781964103125,
      "nominal_power_factor": 0.88,
      "error_power_factor_abs": 0.004921803589687523,
      "pass_power_factor": true,
      "predicted_ist_in": 6.889987655291325,
      "nominal_ist_in": 6.5,
      "error_ist_in_pct": 5.9998100814049975,
      "pass_ist_in": true,
      "predicted_mst_mn": 2.993141492072446,
      "nominal_mst_mn": 2.8,
      "error_mst_mn_pct": 6.89791043115879,
      "pass_mst_mn": true,
      "predicted_mk_mn": 3.899543520980009,
      "nominal_mk_mn": 3.5,
      "error_mk_mn_pct": 11.415529170857397,
      "pass_mk_mn": true,
      "predicted_breakdown_slip": 0.053,
      "nominal_error_pct": 9.713060949071139,
      "start_error_pct": 6.448860256281893,
      "breakdown_error_pct": 11.415529170857397,
      "curve_csv_path": "outputs/curves/W40_4P_380V_IE3__WEG_W40_150kW_4P_380V_IE3_curves.csv",
      "pass_overall": true
    }
  ],
  "summary_by_group": {
    "W40_4P_380V_IE3": {
      "motors": 1,
      "mean_abs_current_error_pct": 9.154514326489263,
      "mean_abs_torque_error_pct": 10.271607571653014,
      "mean_abs_efficiency_error": 0.002285129795679519,
      "mean_abs_pf_error": 0.004921803589687523,
      "mean_abs_ist_in_error_pct": 5.9998100814049975,
      "mean_abs_mst_mn_error_pct": 6.89791043115879,
      "mean_abs_mk_mn_error_pct": 11.415529170857397,
      "mean_nominal_error_pct": 9.713060949071139,
      "mean_start_error_pct": 6.448860256281893,
      "mean_breakdown_error_pct": 11.415529170857397,
      "overall_pass_rate": 1.0
    }
  },
  "skipped": [],
  "overall_pass": true
}